<?xml version="1.0" encoding="utf-8" standalone="yes"?>
<rss version="2.0" xmlns:atom="http://www.w3.org/2005/Atom">
    <channel>
        <title>Themes on TiktokLiveApp</title>
        <link>http://localhost:1313/tags/themes/</link>
        <description>Recent content in Themes on TiktokLiveApp</description>
        <generator>Hugo -- gohugo.io</generator>
        <language>es-es</language>
        <lastBuildDate>Thu, 07 Sep 2023 00:00:00 +0000</lastBuildDate><atom:link href="http://localhost:1313/tags/themes/index.xml" rel="self" type="application/rss+xml" /><item>
        <title>Markdown Syntax Guide copy</title>
        <link>http://localhost:1313/p/markdown-syntax-guide-copy/</link>
        <pubDate>Thu, 07 Sep 2023 00:00:00 +0000</pubDate>
        
        <guid>http://localhost:1313/p/markdown-syntax-guide-copy/</guid>
        <description>&lt;p&gt;This article offers a sample of basic Markdown syntax that can be used in Hugo content files, also it shows whether basic HTML elements are decorated with CSS in a Hugo theme.&lt;/p&gt;
&lt;h2 id=&#34;headings&#34;&gt;Headings
&lt;/h2&gt;&lt;p&gt;The following HTML &lt;code&gt;&amp;lt;h1&amp;gt;&lt;/code&gt;—&lt;code&gt;&amp;lt;h6&amp;gt;&lt;/code&gt; elements represent six levels of section headings. &lt;code&gt;&amp;lt;h1&amp;gt;&lt;/code&gt; is the highest section level while &lt;code&gt;&amp;lt;h6&amp;gt;&lt;/code&gt; is the lowest.&lt;/p&gt;
&lt;h1 id=&#34;h1&#34;&gt;H1
&lt;/h1&gt;&lt;h2 id=&#34;h2&#34;&gt;H2
&lt;/h2&gt;&lt;h3 id=&#34;h3&#34;&gt;H3
&lt;/h3&gt;&lt;h4 id=&#34;h4&#34;&gt;H4
&lt;/h4&gt;&lt;h5 id=&#34;h5&#34;&gt;H5
&lt;/h5&gt;&lt;h6 id=&#34;h6&#34;&gt;H6
&lt;/h6&gt;&lt;h2 id=&#34;paragraph&#34;&gt;Paragraph
&lt;/h2&gt;&lt;p&gt;Xerum, quo qui aut unt expliquam qui dolut labo. Aque venitatiusda cum, voluptionse latur sitiae dolessi aut parist aut dollo enim qui voluptate ma dolestendit peritin re plis aut quas inctum laceat est volestemque commosa as cus endigna tectur, offic to cor sequas etum rerum idem sintibus eiur? Quianimin porecus evelectur, cum que nis nust voloribus ratem aut omnimi, sitatur? Quiatem. Nam, omnis sum am facea corem alique molestrunt et eos evelece arcillit ut aut eos eos nus, sin conecerem erum fuga. Ri oditatquam, ad quibus unda veliamenimin cusam et facea ipsamus es exerum sitate dolores editium rerore eost, temped molorro ratiae volorro te reribus dolorer sperchicium faceata tiustia prat.&lt;/p&gt;
&lt;p&gt;Itatur? Quiatae cullecum rem ent aut odis in re eossequodi nonsequ idebis ne sapicia is sinveli squiatum, core et que aut hariosam ex eat.&lt;/p&gt;
&lt;h2 id=&#34;blockquotes&#34;&gt;Blockquotes
&lt;/h2&gt;&lt;p&gt;The blockquote element represents content that is quoted from another source, optionally with a citation which must be within a &lt;code&gt;footer&lt;/code&gt; or &lt;code&gt;cite&lt;/code&gt; element, and optionally with in-line changes such as annotations and abbreviations.&lt;/p&gt;
&lt;h3 id=&#34;blockquote-without-attribution&#34;&gt;Blockquote without attribution
&lt;/h3&gt;&lt;blockquote&gt;
&lt;p&gt;Tiam, ad mint andaepu dandae nostion secatur sequo quae.
&lt;strong&gt;Note&lt;/strong&gt; that you can use &lt;em&gt;Markdown syntax&lt;/em&gt; within a blockquote.&lt;/p&gt;
&lt;/blockquote&gt;
&lt;h3 id=&#34;blockquote-with-attribution&#34;&gt;Blockquote with attribution
&lt;/h3&gt;&lt;blockquote&gt;
&lt;p&gt;Don&amp;rsquo;t communicate by sharing memory, share memory by communicating.&lt;br&gt;
— &lt;cite&gt;Rob Pike&lt;sup id=&#34;fnref:1&#34;&gt;&lt;a href=&#34;#fn:1&#34; class=&#34;footnote-ref&#34; role=&#34;doc-noteref&#34;&gt;1&lt;/a&gt;&lt;/sup&gt;&lt;/cite&gt;&lt;/p&gt;
&lt;/blockquote&gt;
&lt;h2 id=&#34;tables&#34;&gt;Tables
&lt;/h2&gt;&lt;p&gt;Tables aren&amp;rsquo;t part of the core Markdown spec, but Hugo supports supports them out-of-the-box.&lt;/p&gt;
&lt;table&gt;
  &lt;thead&gt;
      &lt;tr&gt;
          &lt;th style=&#34;text-align: left&#34;&gt;Name&lt;/th&gt;
          &lt;th style=&#34;text-align: left&#34;&gt;Age&lt;/th&gt;
      &lt;/tr&gt;
  &lt;/thead&gt;
  &lt;tbody&gt;
      &lt;tr&gt;
          &lt;td style=&#34;text-align: left&#34;&gt;Bob&lt;/td&gt;
          &lt;td style=&#34;text-align: left&#34;&gt;27&lt;/td&gt;
      &lt;/tr&gt;
      &lt;tr&gt;
          &lt;td style=&#34;text-align: left&#34;&gt;Alice&lt;/td&gt;
          &lt;td style=&#34;text-align: left&#34;&gt;23&lt;/td&gt;
      &lt;/tr&gt;
  &lt;/tbody&gt;
&lt;/table&gt;
&lt;h3 id=&#34;inline-markdown-within-tables&#34;&gt;Inline Markdown within tables
&lt;/h3&gt;&lt;table&gt;
  &lt;thead&gt;
      &lt;tr&gt;
          &lt;th style=&#34;text-align: left&#34;&gt;Italics&lt;/th&gt;
          &lt;th style=&#34;text-align: left&#34;&gt;Bold&lt;/th&gt;
          &lt;th style=&#34;text-align: left&#34;&gt;Code&lt;/th&gt;
      &lt;/tr&gt;
  &lt;/thead&gt;
  &lt;tbody&gt;
      &lt;tr&gt;
          &lt;td style=&#34;text-align: left&#34;&gt;&lt;em&gt;italics&lt;/em&gt;&lt;/td&gt;
          &lt;td style=&#34;text-align: left&#34;&gt;&lt;strong&gt;bold&lt;/strong&gt;&lt;/td&gt;
          &lt;td style=&#34;text-align: left&#34;&gt;&lt;code&gt;code&lt;/code&gt;&lt;/td&gt;
      &lt;/tr&gt;
  &lt;/tbody&gt;
&lt;/table&gt;
&lt;table&gt;
  &lt;thead&gt;
      &lt;tr&gt;
          &lt;th style=&#34;text-align: left&#34;&gt;A&lt;/th&gt;
          &lt;th style=&#34;text-align: left&#34;&gt;B&lt;/th&gt;
          &lt;th style=&#34;text-align: left&#34;&gt;C&lt;/th&gt;
          &lt;th style=&#34;text-align: left&#34;&gt;D&lt;/th&gt;
          &lt;th style=&#34;text-align: left&#34;&gt;E&lt;/th&gt;
          &lt;th style=&#34;text-align: left&#34;&gt;F&lt;/th&gt;
      &lt;/tr&gt;
  &lt;/thead&gt;
  &lt;tbody&gt;
      &lt;tr&gt;
          &lt;td style=&#34;text-align: left&#34;&gt;Lorem ipsum dolor sit amet, consectetur adipiscing elit.&lt;/td&gt;
          &lt;td style=&#34;text-align: left&#34;&gt;Phasellus ultricies, sapien non euismod aliquam, dui ligula tincidunt odio, at accumsan nulla sapien eget ex.&lt;/td&gt;
          &lt;td style=&#34;text-align: left&#34;&gt;Proin eleifend dictum ipsum, non euismod ipsum pulvinar et. Vivamus sollicitudin, quam in pulvinar aliquam, metus elit pretium purus&lt;/td&gt;
          &lt;td style=&#34;text-align: left&#34;&gt;Proin sit amet velit nec enim imperdiet vehicula.&lt;/td&gt;
          &lt;td style=&#34;text-align: left&#34;&gt;Ut bibendum vestibulum quam, eu egestas turpis gravida nec&lt;/td&gt;
          &lt;td style=&#34;text-align: left&#34;&gt;Sed scelerisque nec turpis vel viverra. Vivamus vitae pretium sapien&lt;/td&gt;
      &lt;/tr&gt;
  &lt;/tbody&gt;
&lt;/table&gt;
&lt;h2 id=&#34;code-blocks&#34;&gt;Code Blocks
&lt;/h2&gt;&lt;h3 id=&#34;code-block-with-backticks&#34;&gt;Code block with backticks
&lt;/h3&gt;&lt;div class=&#34;highlight&#34;&gt;&lt;div class=&#34;chroma&#34;&gt;
&lt;table class=&#34;lntable&#34;&gt;&lt;tr&gt;&lt;td class=&#34;lntd&#34;&gt;
&lt;pre tabindex=&#34;0&#34; class=&#34;chroma&#34;&gt;&lt;code&gt;&lt;span class=&#34;lnt&#34;&gt; 1
&lt;/span&gt;&lt;span class=&#34;lnt&#34;&gt; 2
&lt;/span&gt;&lt;span class=&#34;lnt&#34;&gt; 3
&lt;/span&gt;&lt;span class=&#34;lnt&#34;&gt; 4
&lt;/span&gt;&lt;span class=&#34;lnt&#34;&gt; 5
&lt;/span&gt;&lt;span class=&#34;lnt&#34;&gt; 6
&lt;/span&gt;&lt;span class=&#34;lnt&#34;&gt; 7
&lt;/span&gt;&lt;span class=&#34;lnt&#34;&gt; 8
&lt;/span&gt;&lt;span class=&#34;lnt&#34;&gt; 9
&lt;/span&gt;&lt;span class=&#34;lnt&#34;&gt;10
&lt;/span&gt;&lt;/code&gt;&lt;/pre&gt;&lt;/td&gt;
&lt;td class=&#34;lntd&#34;&gt;
&lt;pre tabindex=&#34;0&#34; class=&#34;chroma&#34;&gt;&lt;code class=&#34;language-html&#34; data-lang=&#34;html&#34;&gt;&lt;span class=&#34;line&#34;&gt;&lt;span class=&#34;cl&#34;&gt;&lt;span class=&#34;cp&#34;&gt;&amp;lt;!doctype html&amp;gt;&lt;/span&gt;
&lt;/span&gt;&lt;/span&gt;&lt;span class=&#34;line&#34;&gt;&lt;span class=&#34;cl&#34;&gt;&lt;span class=&#34;p&#34;&gt;&amp;lt;&lt;/span&gt;&lt;span class=&#34;nt&#34;&gt;html&lt;/span&gt; &lt;span class=&#34;na&#34;&gt;lang&lt;/span&gt;&lt;span class=&#34;o&#34;&gt;=&lt;/span&gt;&lt;span class=&#34;s&#34;&gt;&amp;#34;en&amp;#34;&lt;/span&gt;&lt;span class=&#34;p&#34;&gt;&amp;gt;&lt;/span&gt;
&lt;/span&gt;&lt;/span&gt;&lt;span class=&#34;line&#34;&gt;&lt;span class=&#34;cl&#34;&gt;&lt;span class=&#34;p&#34;&gt;&amp;lt;&lt;/span&gt;&lt;span class=&#34;nt&#34;&gt;head&lt;/span&gt;&lt;span class=&#34;p&#34;&gt;&amp;gt;&lt;/span&gt;
&lt;/span&gt;&lt;/span&gt;&lt;span class=&#34;line&#34;&gt;&lt;span class=&#34;cl&#34;&gt;  &lt;span class=&#34;p&#34;&gt;&amp;lt;&lt;/span&gt;&lt;span class=&#34;nt&#34;&gt;meta&lt;/span&gt; &lt;span class=&#34;na&#34;&gt;charset&lt;/span&gt;&lt;span class=&#34;o&#34;&gt;=&lt;/span&gt;&lt;span class=&#34;s&#34;&gt;&amp;#34;utf-8&amp;#34;&lt;/span&gt;&lt;span class=&#34;p&#34;&gt;&amp;gt;&lt;/span&gt;
&lt;/span&gt;&lt;/span&gt;&lt;span class=&#34;line&#34;&gt;&lt;span class=&#34;cl&#34;&gt;  &lt;span class=&#34;p&#34;&gt;&amp;lt;&lt;/span&gt;&lt;span class=&#34;nt&#34;&gt;title&lt;/span&gt;&lt;span class=&#34;p&#34;&gt;&amp;gt;&lt;/span&gt;Example HTML5 Document&lt;span class=&#34;p&#34;&gt;&amp;lt;/&lt;/span&gt;&lt;span class=&#34;nt&#34;&gt;title&lt;/span&gt;&lt;span class=&#34;p&#34;&gt;&amp;gt;&lt;/span&gt;
&lt;/span&gt;&lt;/span&gt;&lt;span class=&#34;line&#34;&gt;&lt;span class=&#34;cl&#34;&gt;&lt;span class=&#34;p&#34;&gt;&amp;lt;/&lt;/span&gt;&lt;span class=&#34;nt&#34;&gt;head&lt;/span&gt;&lt;span class=&#34;p&#34;&gt;&amp;gt;&lt;/span&gt;
&lt;/span&gt;&lt;/span&gt;&lt;span class=&#34;line&#34;&gt;&lt;span class=&#34;cl&#34;&gt;&lt;span class=&#34;p&#34;&gt;&amp;lt;&lt;/span&gt;&lt;span class=&#34;nt&#34;&gt;body&lt;/span&gt;&lt;span class=&#34;p&#34;&gt;&amp;gt;&lt;/span&gt;
&lt;/span&gt;&lt;/span&gt;&lt;span class=&#34;line&#34;&gt;&lt;span class=&#34;cl&#34;&gt;  &lt;span class=&#34;p&#34;&gt;&amp;lt;&lt;/span&gt;&lt;span class=&#34;nt&#34;&gt;p&lt;/span&gt;&lt;span class=&#34;p&#34;&gt;&amp;gt;&lt;/span&gt;Test&lt;span class=&#34;p&#34;&gt;&amp;lt;/&lt;/span&gt;&lt;span class=&#34;nt&#34;&gt;p&lt;/span&gt;&lt;span class=&#34;p&#34;&gt;&amp;gt;&lt;/span&gt;
&lt;/span&gt;&lt;/span&gt;&lt;span class=&#34;line&#34;&gt;&lt;span class=&#34;cl&#34;&gt;&lt;span class=&#34;p&#34;&gt;&amp;lt;/&lt;/span&gt;&lt;span class=&#34;nt&#34;&gt;body&lt;/span&gt;&lt;span class=&#34;p&#34;&gt;&amp;gt;&lt;/span&gt;
&lt;/span&gt;&lt;/span&gt;&lt;span class=&#34;line&#34;&gt;&lt;span class=&#34;cl&#34;&gt;&lt;span class=&#34;p&#34;&gt;&amp;lt;/&lt;/span&gt;&lt;span class=&#34;nt&#34;&gt;html&lt;/span&gt;&lt;span class=&#34;p&#34;&gt;&amp;gt;&lt;/span&gt;
&lt;/span&gt;&lt;/span&gt;&lt;/code&gt;&lt;/pre&gt;&lt;/td&gt;&lt;/tr&gt;&lt;/table&gt;
&lt;/div&gt;
&lt;/div&gt;&lt;h3 id=&#34;code-block-indented-with-four-spaces&#34;&gt;Code block indented with four spaces
&lt;/h3&gt;&lt;pre&gt;&lt;code&gt;&amp;lt;!doctype html&amp;gt;
&amp;lt;html lang=&amp;quot;en&amp;quot;&amp;gt;
&amp;lt;head&amp;gt;
  &amp;lt;meta charset=&amp;quot;utf-8&amp;quot;&amp;gt;
  &amp;lt;title&amp;gt;Example HTML5 Document&amp;lt;/title&amp;gt;
&amp;lt;/head&amp;gt;
&amp;lt;body&amp;gt;
  &amp;lt;p&amp;gt;Test&amp;lt;/p&amp;gt;
&amp;lt;/body&amp;gt;
&amp;lt;/html&amp;gt;
&lt;/code&gt;&lt;/pre&gt;
&lt;h3 id=&#34;diff-code-block&#34;&gt;Diff code block
&lt;/h3&gt;&lt;div class=&#34;highlight&#34;&gt;&lt;div class=&#34;chroma&#34;&gt;
&lt;table class=&#34;lntable&#34;&gt;&lt;tr&gt;&lt;td class=&#34;lntd&#34;&gt;
&lt;pre tabindex=&#34;0&#34; class=&#34;chroma&#34;&gt;&lt;code&gt;&lt;span class=&#34;lnt&#34;&gt;1
&lt;/span&gt;&lt;span class=&#34;lnt&#34;&gt;2
&lt;/span&gt;&lt;span class=&#34;lnt&#34;&gt;3
&lt;/span&gt;&lt;span class=&#34;lnt&#34;&gt;4
&lt;/span&gt;&lt;span class=&#34;lnt&#34;&gt;5
&lt;/span&gt;&lt;/code&gt;&lt;/pre&gt;&lt;/td&gt;
&lt;td class=&#34;lntd&#34;&gt;
&lt;pre tabindex=&#34;0&#34; class=&#34;chroma&#34;&gt;&lt;code class=&#34;language-diff&#34; data-lang=&#34;diff&#34;&gt;&lt;span class=&#34;line&#34;&gt;&lt;span class=&#34;cl&#34;&gt;[dependencies.bevy]
&lt;/span&gt;&lt;/span&gt;&lt;span class=&#34;line&#34;&gt;&lt;span class=&#34;cl&#34;&gt;git = &amp;#34;https://github.com/bevyengine/bevy&amp;#34;
&lt;/span&gt;&lt;/span&gt;&lt;span class=&#34;line&#34;&gt;&lt;span class=&#34;cl&#34;&gt;rev = &amp;#34;11f52b8c72fc3a568e8bb4a4cd1f3eb025ac2e13&amp;#34;
&lt;/span&gt;&lt;/span&gt;&lt;span class=&#34;line&#34;&gt;&lt;span class=&#34;cl&#34;&gt;&lt;span class=&#34;gd&#34;&gt;- features = [&amp;#34;dynamic&amp;#34;]
&lt;/span&gt;&lt;/span&gt;&lt;/span&gt;&lt;span class=&#34;line&#34;&gt;&lt;span class=&#34;cl&#34;&gt;&lt;span class=&#34;gd&#34;&gt;&lt;/span&gt;&lt;span class=&#34;gi&#34;&gt;+ features = [&amp;#34;jpeg&amp;#34;, &amp;#34;dynamic&amp;#34;]
&lt;/span&gt;&lt;/span&gt;&lt;/span&gt;&lt;/code&gt;&lt;/pre&gt;&lt;/td&gt;&lt;/tr&gt;&lt;/table&gt;
&lt;/div&gt;
&lt;/div&gt;&lt;h3 id=&#34;one-line-code-block&#34;&gt;One line code block
&lt;/h3&gt;&lt;div class=&#34;highlight&#34;&gt;&lt;div class=&#34;chroma&#34;&gt;
&lt;table class=&#34;lntable&#34;&gt;&lt;tr&gt;&lt;td class=&#34;lntd&#34;&gt;
&lt;pre tabindex=&#34;0&#34; class=&#34;chroma&#34;&gt;&lt;code&gt;&lt;span class=&#34;lnt&#34;&gt;1
&lt;/span&gt;&lt;/code&gt;&lt;/pre&gt;&lt;/td&gt;
&lt;td class=&#34;lntd&#34;&gt;
&lt;pre tabindex=&#34;0&#34; class=&#34;chroma&#34;&gt;&lt;code class=&#34;language-html&#34; data-lang=&#34;html&#34;&gt;&lt;span class=&#34;line&#34;&gt;&lt;span class=&#34;cl&#34;&gt;&lt;span class=&#34;p&#34;&gt;&amp;lt;&lt;/span&gt;&lt;span class=&#34;nt&#34;&gt;p&lt;/span&gt;&lt;span class=&#34;p&#34;&gt;&amp;gt;&lt;/span&gt;A paragraph&lt;span class=&#34;p&#34;&gt;&amp;lt;/&lt;/span&gt;&lt;span class=&#34;nt&#34;&gt;p&lt;/span&gt;&lt;span class=&#34;p&#34;&gt;&amp;gt;&lt;/span&gt;
&lt;/span&gt;&lt;/span&gt;&lt;/code&gt;&lt;/pre&gt;&lt;/td&gt;&lt;/tr&gt;&lt;/table&gt;
&lt;/div&gt;
&lt;/div&gt;&lt;h2 id=&#34;list-types&#34;&gt;List Types
&lt;/h2&gt;&lt;h3 id=&#34;ordered-list&#34;&gt;Ordered List
&lt;/h3&gt;&lt;ol&gt;
&lt;li&gt;First item&lt;/li&gt;
&lt;li&gt;Second item&lt;/li&gt;
&lt;li&gt;Third item&lt;/li&gt;
&lt;/ol&gt;
&lt;h3 id=&#34;unordered-list&#34;&gt;Unordered List
&lt;/h3&gt;&lt;ul&gt;
&lt;li&gt;List item&lt;/li&gt;
&lt;li&gt;Another item&lt;/li&gt;
&lt;li&gt;And another item&lt;/li&gt;
&lt;/ul&gt;
&lt;h3 id=&#34;nested-list&#34;&gt;Nested list
&lt;/h3&gt;&lt;ul&gt;
&lt;li&gt;Fruit
&lt;ul&gt;
&lt;li&gt;Apple&lt;/li&gt;
&lt;li&gt;Orange&lt;/li&gt;
&lt;li&gt;Banana&lt;/li&gt;
&lt;/ul&gt;
&lt;/li&gt;
&lt;li&gt;Dairy
&lt;ul&gt;
&lt;li&gt;Milk&lt;/li&gt;
&lt;li&gt;Cheese&lt;/li&gt;
&lt;/ul&gt;
&lt;/li&gt;
&lt;/ul&gt;
&lt;h2 id=&#34;other-elements--abbr-sub-sup-kbd-mark&#34;&gt;Other Elements — abbr, sub, sup, kbd, mark
&lt;/h2&gt;&lt;p&gt;&lt;abbr title=&#34;Graphics Interchange Format&#34;&gt;GIF&lt;/abbr&gt; is a bitmap image format.&lt;/p&gt;
&lt;p&gt;H&lt;sub&gt;2&lt;/sub&gt;O&lt;/p&gt;
&lt;p&gt;X&lt;sup&gt;n&lt;/sup&gt; + Y&lt;sup&gt;n&lt;/sup&gt; = Z&lt;sup&gt;n&lt;/sup&gt;&lt;/p&gt;
&lt;p&gt;Press &lt;kbd&gt;CTRL&lt;/kbd&gt; + &lt;kbd&gt;ALT&lt;/kbd&gt; + &lt;kbd&gt;Delete&lt;/kbd&gt; to end the session.&lt;/p&gt;
&lt;p&gt;Most &lt;mark&gt;salamanders&lt;/mark&gt; are nocturnal, and hunt for insects, worms, and other small creatures.&lt;/p&gt;
&lt;div class=&#34;footnotes&#34; role=&#34;doc-endnotes&#34;&gt;
&lt;hr&gt;
&lt;ol&gt;
&lt;li id=&#34;fn:1&#34;&gt;
&lt;p&gt;The above quote is excerpted from Rob Pike&amp;rsquo;s &lt;a class=&#34;link&#34; href=&#34;https://www.youtube.com/watch?v=PAAkCSZUG1c&#34;  target=&#34;_blank&#34; rel=&#34;noopener&#34;
    &gt;talk&lt;/a&gt; during Gopherfest, November 18, 2015.&amp;#160;&lt;a href=&#34;#fnref:1&#34; class=&#34;footnote-backref&#34; role=&#34;doc-backlink&#34;&gt;&amp;#x21a9;&amp;#xfe0e;&lt;/a&gt;&lt;/p&gt;
&lt;/li&gt;
&lt;/ol&gt;
&lt;/div&gt;</description>
        </item>
        
    </channel>
</rss>
