<?xml version="1.0" encoding="utf-8" standalone="yes"?>
<rss version="2.0" xmlns:atom="http://www.w3.org/2005/Atom">
    <channel>
        <title>Installation on TiktokLiveApp</title>
        <link>http://localhost:1313/categories/installation/</link>
        <description>Recent content in Installation on TiktokLiveApp</description>
        <generator>Hugo -- gohugo.io</generator>
        <language>es-es</language>
        <lastBuildDate>Sun, 25 Aug 2024 00:00:00 +0000</lastBuildDate><atom:link href="http://localhost:1313/categories/installation/index.xml" rel="self" type="application/rss+xml" /><item>
        <title>Instalación e Inicio</title>
        <link>http://localhost:1313/p/instalaci%C3%B3n/</link>
        <pubDate>Sun, 25 Aug 2024 00:00:00 +0000</pubDate>
        
        <guid>http://localhost:1313/p/instalaci%C3%B3n/</guid>
        <description>&lt;img src="http://localhost:1313/p/instalaci%C3%B3n/cover.jpg" alt="Featured image of post Instalación e Inicio" /&gt;&lt;h2 id=&#34;instalación-y-descarga&#34;&gt;Instalación y Descarga
&lt;/h2&gt;&lt;p&gt;Puedes descargar la aplicación desde:&lt;/p&gt;
&lt;ul&gt;
&lt;li&gt;el &lt;a class=&#34;link&#34; href=&#34;https://github.com/nglmercer/Tiktok-Live-APPv3&#34;  target=&#34;_blank&#34; rel=&#34;noopener&#34;
    &gt;repositorio&lt;/a&gt; en el apartado de Releases,&lt;/li&gt;
&lt;li&gt;o desde la &lt;a class=&#34;link&#34; href=&#34;https://github.com/nglmercer/Tiktok-Live-APPv3/releases&#34;  target=&#34;_blank&#34; rel=&#34;noopener&#34;
    &gt;página de descargas&lt;/a&gt;.&lt;/li&gt;
&lt;/ul&gt;
&lt;div style=&#34;text-align: center;&#34;&gt;
&lt;img src=&#34;https://user-images.githubusercontent.com/5889006/190859553-5b229b4f-c476-4cbd-928f-890f5265ca4c.png&#34; alt=&#34;Hugo Theme Stack&#34; width=&#34;200&#34; height=&#34;200&#34;&gt;
&lt;/div&gt;
&lt;h3 id=&#34;versiones-y-actualizaciones&#34;&gt;Versiones y Actualizaciones
&lt;/h3&gt;&lt;ul&gt;
&lt;li&gt;Constantemente se van actualizando&lt;/li&gt;
&lt;li&gt;Cada version es independiente de la anterior y no es necesario actualizar la aplicación para que siga funcionando.&lt;/li&gt;
&lt;/ul&gt;
&lt;h2 id=&#34;como-conectarse&#34;&gt;Como Conectarse
&lt;/h2&gt;&lt;p&gt;Puedes obtener el UniqueId de tu cuenta de TikTok desde la página de inicio de la aplicación. o desde su web.&lt;/p&gt;
&lt;h2 id=&#34;características&#34;&gt;Características
&lt;/h2&gt;&lt;ul&gt;
&lt;li&gt;Multidispositivo (Multi-Device)
&lt;ul&gt;
&lt;li&gt;Compatible con Windows, Linux (Compile with Electron).&lt;/li&gt;
&lt;li&gt;Acceso desde dispositivos móviles (device with web browser).&lt;/li&gt;
&lt;/ul&gt;
&lt;/li&gt;
&lt;li&gt;Chat de Texto a voz (SpeechChat TTS)
&lt;ul&gt;
&lt;li&gt;Soporte para múltiples idiomas.&lt;/li&gt;
&lt;li&gt;Personalización de la voz.&lt;/li&gt;
&lt;/ul&gt;
&lt;/li&gt;
&lt;li&gt;Acciones Y Eventos (AccionsEvents)
&lt;ul&gt;
&lt;li&gt;Configure una accion para cada evento.&lt;/li&gt;
&lt;/ul&gt;
&lt;/li&gt;
&lt;li&gt;Minecraft Interactivo
&lt;ul&gt;
&lt;li&gt;Comandos personalizados.&lt;/li&gt;
&lt;/ul&gt;
&lt;/li&gt;
&lt;li&gt;VRChat Acciones (Vrchat OSC)
&lt;ul&gt;
&lt;li&gt;Envio de mensajes OSC.&lt;/li&gt;
&lt;li&gt;configuracion de movimientos.&lt;/li&gt;
&lt;/ul&gt;
&lt;/li&gt;
&lt;li&gt;Api personalizado (Webhooks? API fetch)
&lt;ul&gt;
&lt;li&gt;Creación de webhooks personalizados.&lt;/li&gt;
&lt;li&gt;Integración con APIs externas.&lt;/li&gt;
&lt;/ul&gt;
&lt;/li&gt;
&lt;li&gt;Presion de teclado (Keyboard KeyBindings)
&lt;ul&gt;
&lt;li&gt;Presione y simule presionar teclas.&lt;/li&gt;
&lt;/ul&gt;
&lt;/li&gt;
&lt;li&gt;Sistema de Puntos (Points System)
&lt;ul&gt;
&lt;li&gt;Gestión de puntos por usuario.&lt;/li&gt;
&lt;li&gt;Sistema de recompensas.&lt;/li&gt;
&lt;/ul&gt;
&lt;/li&gt;
&lt;li&gt;Mostrar Imagen del Usuario (Profile Image)
&lt;ul&gt;
&lt;li&gt;Personalización del mensaje y la imagen de perfil.&lt;/li&gt;
&lt;/ul&gt;
&lt;/li&gt;
&lt;li&gt;Mostrar Multimedia por Evento (MediaAudio, MediaVideo, MediaImage)
&lt;ul&gt;
&lt;li&gt;Reproducción de audio y imágenes.&lt;/li&gt;
&lt;li&gt;Visualización de videos.&lt;/li&gt;
&lt;/ul&gt;
&lt;/li&gt;
&lt;li&gt;Audio Control (Audio Control)
&lt;ul&gt;
&lt;li&gt;Control de volumen.&lt;/li&gt;
&lt;/ul&gt;
&lt;/li&gt;
&lt;li&gt;Guardado en la nube (Cloud Backup)
&lt;ul&gt;
&lt;li&gt;Sincronización automática de datos.&lt;/li&gt;
&lt;li&gt;Recuperación de datos.&lt;/li&gt;
&lt;/ul&gt;
&lt;/li&gt;
&lt;li&gt;Mas Configuraciones (More Configs) &lt;code&gt;coming soon&lt;/code&gt;
&lt;ul&gt;
&lt;li&gt;Próximamente más opciones de personalización.&lt;/li&gt;
&lt;li&gt;Nuevas funcionalidades en desarrollo.&lt;/li&gt;
&lt;/ul&gt;
&lt;/li&gt;
&lt;/ul&gt;
&lt;h2 id=&#34;creditos&#34;&gt;Creditos
&lt;/h2&gt;&lt;ul&gt;
&lt;li&gt;link de la documentacion original: &lt;a class=&#34;link&#34; href=&#34;https://stack.jimmycai.com/&#34;  target=&#34;_blank&#34; rel=&#34;noopener&#34;
    &gt;https://stack.jimmycai.com/&lt;/a&gt;&lt;/li&gt;
&lt;li&gt;Fuente o template: &lt;a class=&#34;link&#34; href=&#34;https://github.com/CaiJimmy/hugo-theme-stack&#34;  target=&#34;_blank&#34; rel=&#34;noopener&#34;
    &gt;Hugo Theme Stack&lt;/a&gt;&lt;/li&gt;
&lt;li&gt;Imagenes de  &lt;a class=&#34;link&#34; href=&#34;https://unsplash.com/@pawel_czerwinski&#34;  target=&#34;_blank&#34; rel=&#34;noopener&#34;
    &gt;Pawel Czerwinski&lt;/a&gt; on &lt;a class=&#34;link&#34; href=&#34;https://unsplash.com/&#34;  target=&#34;_blank&#34; rel=&#34;noopener&#34;
    &gt;Unsplash&lt;/a&gt;&lt;/li&gt;
&lt;/ul&gt;
</description>
        </item>
        
    </channel>
</rss>
