[{"content":"Instalación y Descarga Puedes descargar la aplicación desde:\nel repositorio en el apartado de Releases, o desde la página de descargas. Versiones y Actualizaciones Constantemente se van actualizando Cada version es independiente de la anterior y no es necesario actualizar la aplicación para que siga funcionando. Como Conectarse Puedes obtener el UniqueId de tu cuenta de TikTok desde la página de inicio de la aplicación. o desde su web.\nCaracterísticas Multidispositivo (Multi-Device) Compatible con Windows, Linux (Compile with Electron). Acceso desde dispositivos móviles (device with web browser). Chat de Texto a voz (SpeechChat TTS) Soporte para múltiples idiomas. Personalización de la voz. Acciones Y Eventos (AccionsEvents) Configure una accion para cada evento. Minecraft Interactivo Comandos personalizados. VRChat Acciones (Vrchat OSC) Envio de mensajes OSC. configuracion de movimientos. Api personalizado (Webhooks? API fetch) Creación de webhooks personalizados. Integración con APIs externas. Presion de teclado (Keyboard KeyBindings) Presione y simule presionar teclas. Sistema de Puntos (Points System) Gestión de puntos por usuario. Sistema de recompensas. Mostrar Imagen del Usuario (Profile Image) Personalización del mensaje y la imagen de perfil. Mostrar Multimedia por Evento (MediaAudio, MediaVideo, MediaImage) Reproducción de audio y imágenes. Visualización de videos. Audio Control (Audio Control) Control de volumen. Guardado en la nube (Cloud Backup) Sincronización automática de datos. Recuperación de datos. Mas Configuraciones (More Configs) coming soon Próximamente más opciones de personalización. Nuevas funcionalidades en desarrollo. Creditos link de la documentacion original: https://stack.jimmycai.com/ Fuente o template: Hugo Theme Stack Imagenes de Pawel Czerwinski on Unsplash ","date":"2024-08-25T00:00:00Z","image":"https://nglmercer.github.io/p/instalaci%C3%B3n/indexpage_hu5123010868488949433.png","permalink":"https://nglmercer.github.io/p/instalaci%C3%B3n/","title":"Instalación e Inicio"},{"content":"Configuracion Inicial Por defecto, esta activado. si quiere desactivarlo, en Allowed Users desmarque todas las opciones.\n2 Distribuciones voz 1 = StreamElements : utiliza la api de streamelements. voz 2 = Speech to Text : utiliza la api speech to text local del navegador. General Settings voz 1 : utiliza la api de streamelements no tiene controles de audio por ahora. seleccionar multiples idiomas y voces. voz 2 : utiliza la api speech to text local del navegador. solo puedes seleccionar los que estan disponibles en el navegador. control de speech control de velocidad control de volumen Allowed Users seleccionar usuarios que pueden usar esta funcion. Comment Types seleccionar los tipos de comentarios que pueden usar esta funcion. Any comment : todos los comentarios. comments starting with : comentarios que empiezan con un caracter especifico. More Settings Puedes Ignorar esto ya que no esta habilitado. Blacklist Puedes bloquear palabras o frases que no se van a mostrar se van a leer. ","date":"2024-09-07T00:00:00Z","permalink":"https://nglmercer.github.io/p/chat-de-texto-a-voz-speechchat-tts/","title":"Chat de Texto a voz (SpeechChat TTS)"}]