<?xml version="1.0" encoding="utf-8" standalone="yes"?>
<rss version="2.0" xmlns:atom="http://www.w3.org/2005/Atom">
    <channel>
        <title>TiktokLiveApp</title>
        <link>https://nglmercer.github.io/</link>
        <description>Recent content on TiktokLiveApp</description>
        <generator>Hugo -- gohugo.io</generator>
        <language>es-es</language>
        <lastBuildDate>Sat, 07 Sep 2024 00:00:00 +0000</lastBuildDate><atom:link href="https://nglmercer.github.io/index.xml" rel="self" type="application/rss+xml" /><item>
        <title>Instalación e Inicio</title>
        <link>https://nglmercer.github.io/p/instalaci%C3%B3n/</link>
        <pubDate>Sun, 25 Aug 2024 00:00:00 +0000</pubDate>
        
        <guid>https://nglmercer.github.io/p/instalaci%C3%B3n/</guid>
        <description>&lt;img src="https://nglmercer.github.io/p/instalaci%C3%B3n/indexpage.png" alt="Featured image of post Instalación e Inicio" /&gt;&lt;h2 id=&#34;instalación-y-descarga&#34;&gt;Instalación y Descarga
&lt;/h2&gt;&lt;p&gt;Puedes descargar la aplicación desde:&lt;/p&gt;
&lt;ul&gt;
&lt;li&gt;el &lt;a class=&#34;link&#34; href=&#34;https://github.com/nglmercer/Tiktok-Live-APPv3&#34;  target=&#34;_blank&#34; rel=&#34;noopener&#34;
    &gt;repositorio&lt;/a&gt; en el apartado de Releases,&lt;/li&gt;
&lt;li&gt;o desde la &lt;a class=&#34;link&#34; href=&#34;https://github.com/nglmercer/Tiktok-Live-APPv3/releases&#34;  target=&#34;_blank&#34; rel=&#34;noopener&#34;
    &gt;página de descargas&lt;/a&gt;.&lt;/li&gt;
&lt;/ul&gt;
&lt;div style=&#34;text-align: center;&#34;&gt;
&lt;img src=&#34;https://user-images.githubusercontent.com/5889006/190859553-5b229b4f-c476-4cbd-928f-890f5265ca4c.png&#34; alt=&#34;Hugo Theme Stack&#34; width=&#34;200&#34; height=&#34;200&#34;&gt;
&lt;/div&gt;
&lt;h3 id=&#34;versiones-y-actualizaciones&#34;&gt;Versiones y Actualizaciones
&lt;/h3&gt;&lt;ul&gt;
&lt;li&gt;Constantemente se van actualizando&lt;/li&gt;
&lt;li&gt;Cada version es independiente de la anterior y no es necesario actualizar la aplicación para que siga funcionando.&lt;/li&gt;
&lt;/ul&gt;
&lt;h2 id=&#34;como-conectarse&#34;&gt;Como Conectarse
&lt;/h2&gt;&lt;p&gt;Puedes obtener el UniqueId de tu cuenta de TikTok desde la página de inicio de la aplicación. o desde su web.&lt;/p&gt;
&lt;h2 id=&#34;características&#34;&gt;Características
&lt;/h2&gt;&lt;ul&gt;
&lt;li&gt;Multidispositivo (Multi-Device)
&lt;ul&gt;
&lt;li&gt;Compatible con Windows, Linux (Compile with Electron).&lt;/li&gt;
&lt;li&gt;Acceso desde dispositivos móviles (device with web browser).&lt;/li&gt;
&lt;/ul&gt;
&lt;/li&gt;
&lt;li&gt;Chat de Texto a voz (SpeechChat TTS)
&lt;ul&gt;
&lt;li&gt;Soporte para múltiples idiomas.&lt;/li&gt;
&lt;li&gt;Personalización de la voz.&lt;/li&gt;
&lt;/ul&gt;
&lt;/li&gt;
&lt;li&gt;Acciones Y Eventos (AccionsEvents)
&lt;ul&gt;
&lt;li&gt;Configure una accion para cada evento.&lt;/li&gt;
&lt;/ul&gt;
&lt;/li&gt;
&lt;li&gt;Minecraft Interactivo
&lt;ul&gt;
&lt;li&gt;Comandos personalizados.&lt;/li&gt;
&lt;/ul&gt;
&lt;/li&gt;
&lt;li&gt;VRChat Acciones (Vrchat OSC)
&lt;ul&gt;
&lt;li&gt;Envio de mensajes OSC.&lt;/li&gt;
&lt;li&gt;configuracion de movimientos.&lt;/li&gt;
&lt;/ul&gt;
&lt;/li&gt;
&lt;li&gt;Api personalizado (Webhooks? API fetch)
&lt;ul&gt;
&lt;li&gt;Creación de webhooks personalizados.&lt;/li&gt;
&lt;li&gt;Integración con APIs externas.&lt;/li&gt;
&lt;/ul&gt;
&lt;/li&gt;
&lt;li&gt;Presion de teclado (Keyboard KeyBindings)
&lt;ul&gt;
&lt;li&gt;Presione y simule presionar teclas.&lt;/li&gt;
&lt;/ul&gt;
&lt;/li&gt;
&lt;li&gt;Sistema de Puntos (Points System)
&lt;ul&gt;
&lt;li&gt;Gestión de puntos por usuario.&lt;/li&gt;
&lt;li&gt;Sistema de recompensas.&lt;/li&gt;
&lt;/ul&gt;
&lt;/li&gt;
&lt;li&gt;Mostrar Imagen del Usuario (Profile Image)
&lt;ul&gt;
&lt;li&gt;Personalización del mensaje y la imagen de perfil.&lt;/li&gt;
&lt;/ul&gt;
&lt;/li&gt;
&lt;li&gt;Mostrar Multimedia por Evento (MediaAudio, MediaVideo, MediaImage)
&lt;ul&gt;
&lt;li&gt;Reproducción de audio y imágenes.&lt;/li&gt;
&lt;li&gt;Visualización de videos.&lt;/li&gt;
&lt;/ul&gt;
&lt;/li&gt;
&lt;li&gt;Audio Control (Audio Control)
&lt;ul&gt;
&lt;li&gt;Control de volumen.&lt;/li&gt;
&lt;/ul&gt;
&lt;/li&gt;
&lt;li&gt;Guardado en la nube (Cloud Backup)
&lt;ul&gt;
&lt;li&gt;Sincronización automática de datos.&lt;/li&gt;
&lt;li&gt;Recuperación de datos.&lt;/li&gt;
&lt;/ul&gt;
&lt;/li&gt;
&lt;li&gt;Mas Configuraciones (More Configs) &lt;code&gt;coming soon&lt;/code&gt;
&lt;ul&gt;
&lt;li&gt;Próximamente más opciones de personalización.&lt;/li&gt;
&lt;li&gt;Nuevas funcionalidades en desarrollo.&lt;/li&gt;
&lt;/ul&gt;
&lt;/li&gt;
&lt;/ul&gt;
&lt;h2 id=&#34;creditos&#34;&gt;Creditos
&lt;/h2&gt;&lt;ul&gt;
&lt;li&gt;link de la documentacion original: &lt;a class=&#34;link&#34; href=&#34;https://stack.jimmycai.com/&#34;  target=&#34;_blank&#34; rel=&#34;noopener&#34;
    &gt;https://stack.jimmycai.com/&lt;/a&gt;&lt;/li&gt;
&lt;li&gt;Fuente o template: &lt;a class=&#34;link&#34; href=&#34;https://github.com/CaiJimmy/hugo-theme-stack&#34;  target=&#34;_blank&#34; rel=&#34;noopener&#34;
    &gt;Hugo Theme Stack&lt;/a&gt;&lt;/li&gt;
&lt;li&gt;Imagenes de  &lt;a class=&#34;link&#34; href=&#34;https://unsplash.com/@pawel_czerwinski&#34;  target=&#34;_blank&#34; rel=&#34;noopener&#34;
    &gt;Pawel Czerwinski&lt;/a&gt; on &lt;a class=&#34;link&#34; href=&#34;https://unsplash.com/&#34;  target=&#34;_blank&#34; rel=&#34;noopener&#34;
    &gt;Unsplash&lt;/a&gt;&lt;/li&gt;
&lt;/ul&gt;
</description>
        </item>
        <item>
        <title>Chat de Texto a voz (SpeechChat TTS)</title>
        <link>https://nglmercer.github.io/p/chat-de-texto-a-voz-speechchat-tts/</link>
        <pubDate>Sat, 07 Sep 2024 00:00:00 +0000</pubDate>
        
        <guid>https://nglmercer.github.io/p/chat-de-texto-a-voz-speechchat-tts/</guid>
        <description>&lt;h2 id=&#34;configuracion-inicial&#34;&gt;Configuracion Inicial
&lt;/h2&gt;&lt;p&gt;Por defecto, esta activado.
si quiere desactivarlo, en Allowed Users desmarque todas las opciones.&lt;/p&gt;
&lt;ul&gt;
&lt;li&gt;2 Distribuciones
&lt;ul&gt;
&lt;li&gt;voz 1 = StreamElements : utiliza la api de streamelements.&lt;/li&gt;
&lt;li&gt;voz 2 = Speech to Text : utiliza la api speech to text local del navegador.&lt;/li&gt;
&lt;/ul&gt;
&lt;/li&gt;
&lt;/ul&gt;
&lt;h3 id=&#34;general-settings&#34;&gt;General Settings
&lt;/h3&gt;&lt;ul&gt;
&lt;li&gt;voz 1  : utiliza la api de streamelements no tiene controles de audio por ahora.
&lt;ul&gt;
&lt;li&gt;seleccionar multiples idiomas y voces.&lt;/li&gt;
&lt;/ul&gt;
&lt;/li&gt;
&lt;li&gt;voz 2  : utiliza la api speech to text local del navegador.
&lt;ul&gt;
&lt;li&gt;solo puedes seleccionar los que estan disponibles en el navegador.&lt;/li&gt;
&lt;li&gt;control de speech&lt;/li&gt;
&lt;li&gt;control de velocidad&lt;/li&gt;
&lt;li&gt;control de volumen&lt;/li&gt;
&lt;/ul&gt;
&lt;/li&gt;
&lt;li&gt;Allowed Users
&lt;ul&gt;
&lt;li&gt;seleccionar usuarios que pueden usar esta funcion.&lt;/li&gt;
&lt;/ul&gt;
&lt;/li&gt;
&lt;li&gt;Comment Types
&lt;ul&gt;
&lt;li&gt;seleccionar los tipos de comentarios que pueden usar esta funcion.
&lt;ul&gt;
&lt;li&gt;Any comment : todos los comentarios.&lt;/li&gt;
&lt;li&gt;comments starting with : comentarios que empiezan con un caracter especifico.&lt;/li&gt;
&lt;/ul&gt;
&lt;/li&gt;
&lt;/ul&gt;
&lt;/li&gt;
&lt;li&gt;More Settings
&lt;ul&gt;
&lt;li&gt;Puedes Ignorar esto ya que no esta habilitado.&lt;/li&gt;
&lt;/ul&gt;
&lt;/li&gt;
&lt;li&gt;Blacklist
&lt;ul&gt;
&lt;li&gt;Puedes bloquear palabras o frases que no se van a mostrar se van a leer.&lt;/li&gt;
&lt;/ul&gt;
&lt;/li&gt;
&lt;/ul&gt;
</description>
        </item>
        <item>
        <title>Archivos</title>
        <link>https://nglmercer.github.io/archives/</link>
        <pubDate>Sun, 06 Mar 2022 00:00:00 +0000</pubDate>
        
        <guid>https://nglmercer.github.io/archives/</guid>
        <description></description>
        </item>
        <item>
        <title>Busqueda</title>
        <link>https://nglmercer.github.io/search/</link>
        <pubDate>Mon, 01 Jan 0001 00:00:00 +0000</pubDate>
        
        <guid>https://nglmercer.github.io/search/</guid>
        <description></description>
        </item>
        <item>
        <title>Links</title>
        <link>https://nglmercer.github.io/links/</link>
        <pubDate>Mon, 01 Jan 0001 00:00:00 +0000</pubDate>
        
        <guid>https://nglmercer.github.io/links/</guid>
        <description>&lt;p&gt;Para usar esta función, agregue &lt;code&gt;links&lt;/code&gt; a la sección frontal.
La primera pagina de este sitio:&lt;/p&gt;
&lt;div class=&#34;highlight&#34;&gt;&lt;div class=&#34;chroma&#34;&gt;
&lt;table class=&#34;lntable&#34;&gt;&lt;tr&gt;&lt;td class=&#34;lntd&#34;&gt;
&lt;pre tabindex=&#34;0&#34; class=&#34;chroma&#34;&gt;&lt;code&gt;&lt;span class=&#34;lnt&#34;&gt;1
&lt;/span&gt;&lt;span class=&#34;lnt&#34;&gt;2
&lt;/span&gt;&lt;span class=&#34;lnt&#34;&gt;3
&lt;/span&gt;&lt;span class=&#34;lnt&#34;&gt;4
&lt;/span&gt;&lt;span class=&#34;lnt&#34;&gt;5
&lt;/span&gt;&lt;span class=&#34;lnt&#34;&gt;6
&lt;/span&gt;&lt;span class=&#34;lnt&#34;&gt;7
&lt;/span&gt;&lt;span class=&#34;lnt&#34;&gt;8
&lt;/span&gt;&lt;span class=&#34;lnt&#34;&gt;9
&lt;/span&gt;&lt;/code&gt;&lt;/pre&gt;&lt;/td&gt;
&lt;td class=&#34;lntd&#34;&gt;
&lt;pre tabindex=&#34;0&#34; class=&#34;chroma&#34;&gt;&lt;code class=&#34;language-yaml&#34; data-lang=&#34;yaml&#34;&gt;&lt;span class=&#34;line&#34;&gt;&lt;span class=&#34;cl&#34;&gt;&lt;span class=&#34;nt&#34;&gt;links&lt;/span&gt;&lt;span class=&#34;p&#34;&gt;:&lt;/span&gt;&lt;span class=&#34;w&#34;&gt;
&lt;/span&gt;&lt;/span&gt;&lt;/span&gt;&lt;span class=&#34;line&#34;&gt;&lt;span class=&#34;cl&#34;&gt;&lt;span class=&#34;w&#34;&gt;  &lt;/span&gt;- &lt;span class=&#34;nt&#34;&gt;title&lt;/span&gt;&lt;span class=&#34;p&#34;&gt;:&lt;/span&gt;&lt;span class=&#34;w&#34;&gt; &lt;/span&gt;&lt;span class=&#34;l&#34;&gt;GitHub&lt;/span&gt;&lt;span class=&#34;w&#34;&gt;
&lt;/span&gt;&lt;/span&gt;&lt;/span&gt;&lt;span class=&#34;line&#34;&gt;&lt;span class=&#34;cl&#34;&gt;&lt;span class=&#34;w&#34;&gt;    &lt;/span&gt;&lt;span class=&#34;nt&#34;&gt;description&lt;/span&gt;&lt;span class=&#34;p&#34;&gt;:&lt;/span&gt;&lt;span class=&#34;w&#34;&gt; &lt;/span&gt;&lt;span class=&#34;l&#34;&gt;GitHub es la plataforma de desarrollo de software más grande del mundo.&lt;/span&gt;&lt;span class=&#34;w&#34;&gt;
&lt;/span&gt;&lt;/span&gt;&lt;/span&gt;&lt;span class=&#34;line&#34;&gt;&lt;span class=&#34;cl&#34;&gt;&lt;span class=&#34;w&#34;&gt;    &lt;/span&gt;&lt;span class=&#34;nt&#34;&gt;website&lt;/span&gt;&lt;span class=&#34;p&#34;&gt;:&lt;/span&gt;&lt;span class=&#34;w&#34;&gt; &lt;/span&gt;&lt;span class=&#34;l&#34;&gt;https://github.com&lt;/span&gt;&lt;span class=&#34;w&#34;&gt;
&lt;/span&gt;&lt;/span&gt;&lt;/span&gt;&lt;span class=&#34;line&#34;&gt;&lt;span class=&#34;cl&#34;&gt;&lt;span class=&#34;w&#34;&gt;    &lt;/span&gt;&lt;span class=&#34;nt&#34;&gt;image&lt;/span&gt;&lt;span class=&#34;p&#34;&gt;:&lt;/span&gt;&lt;span class=&#34;w&#34;&gt; &lt;/span&gt;&lt;span class=&#34;l&#34;&gt;https://github.githubassets.com/images/modules/logos_page/GitHub-Mark.png&lt;/span&gt;&lt;span class=&#34;w&#34;&gt;
&lt;/span&gt;&lt;/span&gt;&lt;/span&gt;&lt;span class=&#34;line&#34;&gt;&lt;span class=&#34;cl&#34;&gt;&lt;span class=&#34;w&#34;&gt;  &lt;/span&gt;- &lt;span class=&#34;nt&#34;&gt;title&lt;/span&gt;&lt;span class=&#34;p&#34;&gt;:&lt;/span&gt;&lt;span class=&#34;w&#34;&gt; &lt;/span&gt;&lt;span class=&#34;l&#34;&gt;TypeScript&lt;/span&gt;&lt;span class=&#34;w&#34;&gt;
&lt;/span&gt;&lt;/span&gt;&lt;/span&gt;&lt;span class=&#34;line&#34;&gt;&lt;span class=&#34;cl&#34;&gt;&lt;span class=&#34;w&#34;&gt;    &lt;/span&gt;&lt;span class=&#34;nt&#34;&gt;description&lt;/span&gt;&lt;span class=&#34;p&#34;&gt;:&lt;/span&gt;&lt;span class=&#34;w&#34;&gt; &lt;/span&gt;&lt;span class=&#34;l&#34;&gt;TypeScript es un superconjunto escrito de JavaScript que compila a JavaScript simple.&lt;/span&gt;&lt;span class=&#34;w&#34;&gt;
&lt;/span&gt;&lt;/span&gt;&lt;/span&gt;&lt;span class=&#34;line&#34;&gt;&lt;span class=&#34;cl&#34;&gt;&lt;span class=&#34;w&#34;&gt;    &lt;/span&gt;&lt;span class=&#34;nt&#34;&gt;website&lt;/span&gt;&lt;span class=&#34;p&#34;&gt;:&lt;/span&gt;&lt;span class=&#34;w&#34;&gt; &lt;/span&gt;&lt;span class=&#34;l&#34;&gt;https://www.typescriptlang.org&lt;/span&gt;&lt;span class=&#34;w&#34;&gt;
&lt;/span&gt;&lt;/span&gt;&lt;/span&gt;&lt;span class=&#34;line&#34;&gt;&lt;span class=&#34;cl&#34;&gt;&lt;span class=&#34;w&#34;&gt;    &lt;/span&gt;&lt;span class=&#34;nt&#34;&gt;image&lt;/span&gt;&lt;span class=&#34;p&#34;&gt;:&lt;/span&gt;&lt;span class=&#34;w&#34;&gt; &lt;/span&gt;&lt;span class=&#34;l&#34;&gt;ts-logo-128.jpg&lt;/span&gt;&lt;span class=&#34;w&#34;&gt;
&lt;/span&gt;&lt;/span&gt;&lt;/span&gt;&lt;/code&gt;&lt;/pre&gt;&lt;/td&gt;&lt;/tr&gt;&lt;/table&gt;
&lt;/div&gt;
&lt;/div&gt;&lt;p&gt;&lt;code&gt;image&lt;/code&gt; Field acepta imágenes locales y externas.&lt;/p&gt;
</description>
        </item>
        
    </channel>
</rss>
