<?xml version="1.0" encoding="utf-8" standalone="yes"?>
<rss version="2.0" xmlns:atom="http://www.w3.org/2005/Atom">
    <channel>
        <title>Instalacion on TiktokLiveApp</title>
        <link>https://nglmercer.github.io/categories/example-category/</link>
        <description>Recent content in Instalacion on TiktokLiveApp</description>
        <generator>Hugo -- gohugo.io</generator>
        <language>es-es</language><atom:link href="https://nglmercer.github.io/categories/example-category/index.xml" rel="self" type="application/rss+xml" />
    </channel>
</rss>
