<?xml version="1.0" encoding="utf-8" standalone="yes"?>
<rss version="2.0" xmlns:atom="http://www.w3.org/2005/Atom">
    <channel>
        <title>Tags on TiktokLiveApp</title>
        <link>https://nglmercer.github.io/tags/</link>
        <description>Recent content in Tags on TiktokLiveApp</description>
        <generator>Hugo -- gohugo.io</generator>
        <language>es-es</language>
        <lastBuildDate>Sat, 07 Sep 2024 00:00:00 +0000</lastBuildDate><atom:link href="https://nglmercer.github.io/tags/index.xml" rel="self" type="application/rss+xml" /><item>
        <title>Speech to Text</title>
        <link>https://nglmercer.github.io/tags/speech-to-text/</link>
        <pubDate>Sat, 07 Sep 2024 00:00:00 +0000</pubDate>
        
        <guid>https://nglmercer.github.io/tags/speech-to-text/</guid>
        <description></description>
        </item>
        <item>
        <title>SpeechChat</title>
        <link>https://nglmercer.github.io/tags/speechchat/</link>
        <pubDate>Sat, 07 Sep 2024 00:00:00 +0000</pubDate>
        
        <guid>https://nglmercer.github.io/tags/speechchat/</guid>
        <description></description>
        </item>
        <item>
        <title>Texto a Voz</title>
        <link>https://nglmercer.github.io/tags/texto-a-voz/</link>
        <pubDate>Sat, 07 Sep 2024 00:00:00 +0000</pubDate>
        
        <guid>https://nglmercer.github.io/tags/texto-a-voz/</guid>
        <description></description>
        </item>
        <item>
        <title>TTS</title>
        <link>https://nglmercer.github.io/tags/tts/</link>
        <pubDate>Sat, 07 Sep 2024 00:00:00 +0000</pubDate>
        
        <guid>https://nglmercer.github.io/tags/tts/</guid>
        <description></description>
        </item>
        <item>
        <title>Voice Chat</title>
        <link>https://nglmercer.github.io/tags/voice-chat/</link>
        <pubDate>Sat, 07 Sep 2024 00:00:00 +0000</pubDate>
        
        <guid>https://nglmercer.github.io/tags/voice-chat/</guid>
        <description></description>
        </item>
        <item>
        <title>Instalación</title>
        <link>https://nglmercer.github.io/tags/instalaci%C3%B3n/</link>
        <pubDate>Sun, 25 Aug 2024 00:00:00 +0000</pubDate>
        
        <guid>https://nglmercer.github.io/tags/instalaci%C3%B3n/</guid>
        <description></description>
        </item>
        <item>
        <title>Installation</title>
        <link>https://nglmercer.github.io/tags/installation/</link>
        <pubDate>Sun, 25 Aug 2024 00:00:00 +0000</pubDate>
        
        <guid>https://nglmercer.github.io/tags/installation/</guid>
        <description></description>
        </item>
        
    </channel>
</rss>
