<?xml version="1.0" encoding="utf-8" standalone="yes"?>
<rss version="2.0" xmlns:atom="http://www.w3.org/2005/Atom">
    <channel>
        <title>Categories on TiktokLiveApp</title>
        <link>https://nglmercer.github.io/categories/</link>
        <description>Recent content in Categories on TiktokLiveApp</description>
        <generator>Hugo -- gohugo.io</generator>
        <language>es-es</language>
        <lastBuildDate>Sat, 07 Sep 2024 00:00:00 +0000</lastBuildDate><atom:link href="https://nglmercer.github.io/categories/index.xml" rel="self" type="application/rss+xml" /><item>
        <title>SpeechChat</title>
        <link>https://nglmercer.github.io/categories/speechchat/</link>
        <pubDate>Sat, 07 Sep 2024 00:00:00 +0000</pubDate>
        
        <guid>https://nglmercer.github.io/categories/speechchat/</guid>
        <description></description>
        </item>
        <item>
        <title>Texto a Voz</title>
        <link>https://nglmercer.github.io/categories/texto-a-voz/</link>
        <pubDate>Sat, 07 Sep 2024 00:00:00 +0000</pubDate>
        
        <guid>https://nglmercer.github.io/categories/texto-a-voz/</guid>
        <description></description>
        </item>
        <item>
        <title>Instalación</title>
        <link>https://nglmercer.github.io/categories/instalaci%C3%B3n/</link>
        <pubDate>Sun, 25 Aug 2024 00:00:00 +0000</pubDate>
        
        <guid>https://nglmercer.github.io/categories/instalaci%C3%B3n/</guid>
        <description></description>
        </item>
        <item>
        <title>Instalacion</title>
        <link>https://nglmercer.github.io/categories/example-category/</link>
        <pubDate>Mon, 01 Jan 0001 00:00:00 +0000</pubDate>
        
        <guid>https://nglmercer.github.io/categories/example-category/</guid>
        <description></description>
        </item>
        
    </channel>
</rss>
