<?xml version="1.0" encoding="utf-8" standalone="yes"?>
<rss version="2.0" xmlns:atom="http://www.w3.org/2005/Atom">
    <channel>
        <title>SpeechChat on TiktokLiveApp</title>
        <link>https://nglmercer.github.io/categories/speechchat/</link>
        <description>Recent content in SpeechChat on TiktokLiveApp</description>
        <generator>Hugo -- gohugo.io</generator>
        <language>es-es</language>
        <lastBuildDate>Sat, 07 Sep 2024 00:00:00 +0000</lastBuildDate><atom:link href="https://nglmercer.github.io/categories/speechchat/index.xml" rel="self" type="application/rss+xml" /><item>
        <title>Chat de Texto a voz (SpeechChat TTS)</title>
        <link>https://nglmercer.github.io/p/chat-de-texto-a-voz-speechchat-tts/</link>
        <pubDate>Sat, 07 Sep 2024 00:00:00 +0000</pubDate>
        
        <guid>https://nglmercer.github.io/p/chat-de-texto-a-voz-speechchat-tts/</guid>
        <description>&lt;h2 id=&#34;configuracion-inicial&#34;&gt;Configuracion Inicial
&lt;/h2&gt;&lt;p&gt;Por defecto, esta activado.
si quiere desactivarlo, en Allowed Users desmarque todas las opciones.&lt;/p&gt;
&lt;ul&gt;
&lt;li&gt;2 Distribuciones
&lt;ul&gt;
&lt;li&gt;voz 1 = StreamElements : utiliza la api de streamelements.&lt;/li&gt;
&lt;li&gt;voz 2 = Speech to Text : utiliza la api speech to text local del navegador.&lt;/li&gt;
&lt;/ul&gt;
&lt;/li&gt;
&lt;/ul&gt;
&lt;h3 id=&#34;general-settings&#34;&gt;General Settings
&lt;/h3&gt;&lt;ul&gt;
&lt;li&gt;voz 1  : utiliza la api de streamelements no tiene controles de audio por ahora.
&lt;ul&gt;
&lt;li&gt;seleccionar multiples idiomas y voces.&lt;/li&gt;
&lt;/ul&gt;
&lt;/li&gt;
&lt;li&gt;voz 2  : utiliza la api speech to text local del navegador.
&lt;ul&gt;
&lt;li&gt;solo puedes seleccionar los que estan disponibles en el navegador.&lt;/li&gt;
&lt;li&gt;control de speech&lt;/li&gt;
&lt;li&gt;control de velocidad&lt;/li&gt;
&lt;li&gt;control de volumen&lt;/li&gt;
&lt;/ul&gt;
&lt;/li&gt;
&lt;li&gt;Allowed Users
&lt;ul&gt;
&lt;li&gt;seleccionar usuarios que pueden usar esta funcion.&lt;/li&gt;
&lt;/ul&gt;
&lt;/li&gt;
&lt;li&gt;Comment Types
&lt;ul&gt;
&lt;li&gt;seleccionar los tipos de comentarios que pueden usar esta funcion.
&lt;ul&gt;
&lt;li&gt;Any comment : todos los comentarios.&lt;/li&gt;
&lt;li&gt;comments starting with : comentarios que empiezan con un caracter especifico.&lt;/li&gt;
&lt;/ul&gt;
&lt;/li&gt;
&lt;/ul&gt;
&lt;/li&gt;
&lt;li&gt;More Settings
&lt;ul&gt;
&lt;li&gt;Puedes Ignorar esto ya que no esta habilitado.&lt;/li&gt;
&lt;/ul&gt;
&lt;/li&gt;
&lt;li&gt;Blacklist
&lt;ul&gt;
&lt;li&gt;Puedes bloquear palabras o frases que no se van a mostrar se van a leer.&lt;/li&gt;
&lt;/ul&gt;
&lt;/li&gt;
&lt;/ul&gt;
</description>
        </item>
        
    </channel>
</rss>
